"Nadeem Zawaideh",Double,2025-03-05,2025-03-14
"Nadeem Zawaideh",Single,2025-03-05,2025-03-07
"Nadeem Zawaideh",Single,2025-03-03,2025-03-22
"Nadeem Zawaideh",Single,2025-03-05,2025-03-14
"Nadeem Zawaideh",Single,2025-03-05,2025-03-06
"Nadeem Zawaideh",Single,2025-03-05,2025-03-06
"Nadeem Zawaideh",Single,2025-03-05,2025-03-06
"Nadeem Zawaideh",Double,2025-03-05,2025-03-06
"Nadeem Zawaideh",Suite,2025-03-05,2025-03-07
"Nadeem Zawaideh",Single,2025-02-23,2025-03-05
"Nadeem Zawaideh",Single,2025-02-24,2025-03-05
"Nadeem Zawaideh",Double,2025-03-03,2025-03-05
"Nadeem Zawaideh",Double,2025-03-04,2025-03-06
"Nadeem Zawaideh",Single,2025-02-25,2025-03-13
"Nadeem Zawaideh",Double,2025-02-24,2025-03-05
"Nadeem Zawaideh",Double,2025-03-04,2025-03-05
"Nadeem Zawaideh",Double,2025-03-05,2025-03-07
